sno,pattern,duration,direction,confidence_level,passfail,break_day,num_days,points,percent_change
1,downtrend_break,60,up,strong,pass,next_day,2,250,1.2
2,high_break,55,up,mild,pass,same_day,2,150,0.7
3,descending_triangle,34,up,mild,pass,same_day,0,80,0.4
4,risingwedge_uptrend,10,down,weak,fail,next_day,0,0,0.0
5,high_break,209,up,strong,pass,same_day,4,480,2.5
6,risingwedge_uptrend,13,down,mild,pass,same_day,0,70,0.3
7,high_break,11,up,mild,pass,endof_day,0,100,0.5
8,downtrend_break,48,up,strong,pass,same_day,5,310,1.7
9,high_break,10,up,strong,pass,endof_day,1,130,0.7
10,low_break,32,down,strong,pass,same_day,0,150,0.8
11,channel_down,76,up,strong,pass,endof_day,0,80,0.4
12,high_break,25,up,mild,pass,next_day,0,25,0.1
13,downtrend_break,29,up,strong,pass_backtest,next_day,0,0,0.0
14,high_break,48,up,weak,pass,next_day,0,40,0.2
15,high_break,55,up,strong,pass,next_day,3,500,2.9
16,channel_sideway,3,down,mild,pass,same_day,0,200,1.2
17,channel_sideway,2,up,mild,pass,next_day,0,150,0.9
18,channel_down,9,up,weak,fail,next_day,0,0,0.0
19,downtrend_break,52,up,strong,pass,next_day,0,100,0.6
20,symmetrical_triangle,42,up,mild,pass,next_day,2,120,0.7
21,descending_triangle,30,down,strong,pass,next_day,0,230,1.3
22,channel_down,72,up,strong,pass,next_day,4,500,2.8
23,symmetrical_triangle,17,up,mild,pass_backtest,next_day,3,400,2.2
24,channel_sideway,9,up,mild,pass,next_day,2,150,0.9
25,ascending_triangle,13,up,mild,pass,next_day,3,250,1.2
26,descending_triangle,12,up,mild,pass,next_day,2,250,1.13
27,channel_down,14,up,mild,pass_backtest,next_day,3,200,0.9
28,channel_down,14,up,mild,pass_backtest,same_day,2,150,0.6
29,channel_up,11,down,strong,pass_backtest,same_day,0,100,0.4
30,channel_down,4,up,mild,pass,next_day,1,130,0.5
31,channel_up,11,down,strong,fail,next_day,0,200,0.8
32,channel_down,4,up,strong,pass,next_day,0,0,0.0
33,ascending_triangle,3,up,strong,fail,next_day,1,0,0.0
34,channel_up,11,up,strong,backtest,next_day,11,200,0.8
32,channel_down,4,up,strong,pass,next_day,0,0,0.05994033567075288
1,downtrend_break,56,up,strong,pass,next_day,3,292,1.1327350138268402
7,high_break,6,up,mild,pass,endof_day,0,70,0.5063183204659744
33,ascending_triangle,1,up,strong,fail,next_day,1,13,0.028158569848704407
28,channel_down,11,up,mild,pass_backtest,same_day,1,200,0.628383107139048
24,channel_sideway,5,up,mild,pass,next_day,2,123,0.9003695808900204
9,high_break,10,up,strong,pass,endof_day,0,86,0.7019860290022079
5,high_break,212,up,strong,pass,same_day,4,468,2.436234271702208
4,risingwedge_uptrend,14,down,weak,fail,next_day,1,0,0.05743799970883831
8,downtrend_break,50,up,strong,pass,same_day,6,319,1.6481038271690662
34,channel_up,10,up,strong,backtest,next_day,11,163,0.7905348459865634
31,channel_up,14,down,strong,fail,next_day,0,202,0.7758082948846924
25,ascending_triangle,9,up,mild,pass,next_day,3,266,1.1701673636232663
5,high_break,211,up,strong,pass,same_day,4,504,2.496599111169112
4,risingwedge_uptrend,6,down,weak,fail,next_day,1,0,0.0
22,channel_down,75,up,strong,pass,next_day,4,490,2.8139101773383293
7,high_break,10,up,mild,pass,endof_day,0,142,0.4931319884790491
21,descending_triangle,31,down,strong,pass,next_day,0,267,1.2718571677903514
29,channel_up,12,down,strong,pass_backtest,same_day,0,67,0.42155607982453625
11,channel_down,79,up,strong,pass,endof_day,0,65,0.4602614440112899
10,low_break,27,down,strong,pass,same_day,0,138,0.8712156993343998
8,downtrend_break,48,up,strong,pass,same_day,4,335,1.6429623822093034
14,high_break,44,up,weak,pass,next_day,0,30,0.17516476643079976
20,symmetrical_triangle,43,up,mild,pass,next_day,3,88,0.7276296937003066
7,high_break,6,up,mild,pass,endof_day,1,145,0.570502882057481
5,high_break,213,up,strong,pass,same_day,5,470,2.5278259542105364
18,channel_down,9,up,weak,fail,next_day,1,5,0.0
4,risingwedge_uptrend,15,down,weak,fail,next_day,1,18,0.002217335093305392
15,high_break,59,up,strong,pass,next_day,2,488,2.955478837305514
19,downtrend_break,53,up,strong,pass,next_day,0,142,0.6924722479058286
3,descending_triangle,38,up,mild,pass,same_day,0,74,0.4236665233286412
30,channel_down,1,up,mild,pass,next_day,2,113,0.5947199730573393
22,channel_down,67,up,strong,pass,next_day,4,528,2.757922350924269
11,channel_down,73,up,strong,pass,endof_day,0,48,0.39778013504023946
19,downtrend_break,49,up,strong,pass,next_day,1,78,0.5288722342032033
32,channel_down,7,up,strong,pass,next_day,0,46,0.0
5,high_break,209,up,strong,pass,same_day,5,488,2.4357390794041134
9,high_break,6,up,strong,pass,endof_day,0,113,0.774172374350959
29,channel_up,6,down,strong,pass_backtest,same_day,1,74,0.473547653327858
8,downtrend_break,49,up,strong,pass,same_day,4,317,1.7715420991328796
18,channel_down,14,up,weak,fail,next_day,1,0,0.03409578391335619
27,channel_down,17,up,mild,pass_backtest,next_day,2,202,0.9889740913152384
31,channel_up,16,down,strong,fail,next_day,0,245,0.7068348383688405
8,downtrend_break,53,up,strong,pass,same_day,6,306,1.6386100492618212
20,symmetrical_triangle,43,up,mild,pass,next_day,2,138,0.6204607110643556
12,high_break,28,up,mild,pass,next_day,1,43,0.15294481551723155
24,channel_sideway,13,up,mild,pass,next_day,1,138,0.8175141612383924
25,ascending_triangle,16,up,mild,pass,next_day,4,289,1.1573724645585446
20,symmetrical_triangle,42,up,mild,pass,next_day,1,74,0.7758833899974531
22,channel_down,72,up,strong,pass,next_day,4,484,2.785745810256004
13,downtrend_break,33,up,strong,pass_backtest,next_day,1,0,0.0
15,high_break,51,up,strong,pass,next_day,4,503,2.980429435173714
34,channel_up,13,up,strong,backtest,next_day,10,163,0.7067806509996537
20,symmetrical_triangle,37,up,mild,pass,next_day,1,96,0.6444351469387755
25,ascending_triangle,11,up,mild,pass,next_day,4,292,1.213606383294798
31,channel_up,10,down,strong,fail,next_day,0,186,0.7077386980272593
9,high_break,8,up,strong,pass,endof_day,0,174,0.6738864250607545
29,channel_up,13,down,strong,pass_backtest,same_day,1,51,0.31942731960187415
17,channel_sideway,1,up,mild,pass,next_day,1,172,0.9479159283726273
24,channel_sideway,10,up,mild,pass,next_day,2,103,0.8032634132921318
18,channel_down,10,up,weak,fail,next_day,0,0,0.0
9,high_break,6,up,strong,pass,endof_day,1,86,0.716532025100047
1,downtrend_break,55,up,strong,pass,next_day,3,270,1.1273207216524612
10,low_break,27,down,strong,pass,same_day,1,114,0.7163055224025011
29,channel_up,10,down,strong,pass_backtest,same_day,0,86,0.46023279919607535
32,channel_down,9,up,strong,pass,next_day,1,0,0.0
30,channel_down,1,up,mild,pass,next_day,1,82,0.5780781430618603
16,channel_sideway,8,down,mild,pass,same_day,1,224,1.2234764838083896
1,downtrend_break,59,up,strong,pass,next_day,1,292,1.1130909560572853
6,risingwedge_uptrend,12,down,mild,pass,same_day,1,76,0.33809897017022317
17,channel_sideway,3,up,mild,pass,next_day,0,150,0.8420329374641575
16,channel_sideway,5,down,mild,pass,same_day,0,196,1.1427014574694887
17,channel_sideway,6,up,mild,pass,next_day,0,150,0.874434219738609
3,descending_triangle,36,up,mild,pass,same_day,0,103,0.48116126457533626
16,channel_sideway,1,down,mild,pass,same_day,1,202,1.284974057210315
7,high_break,10,up,mild,pass,endof_day,0,103,0.5905876334622149
8,downtrend_break,53,up,strong,pass,same_day,4,325,1.6284642497678175
22,channel_down,73,up,strong,pass,next_day,3,512,2.7593308407780737
29,channel_up,16,down,strong,pass_backtest,same_day,0,141,0.31059997159191466
17,channel_sideway,6,up,mild,pass,next_day,1,122,0.9183442529598648
21,descending_triangle,34,down,strong,pass,next_day,1,243,1.391422360945372
16,channel_sideway,6,down,mild,pass,same_day,0,157,1.2526640728327207
31,channel_up,9,down,strong,fail,next_day,1,210,0.727042830636359
29,channel_up,10,down,strong,pass_backtest,same_day,1,111,0.3602611706504027
31,channel_up,7,down,strong,fail,next_day,0,180,0.8820066300334602
28,channel_down,18,up,mild,pass_backtest,same_day,3,200,0.5153071896663922
5,high_break,211,up,strong,pass,same_day,5,457,2.585999144944311
34,channel_up,12,up,strong,backtest,next_day,10,220,0.7338175093474322
7,high_break,14,up,mild,pass,endof_day,1,93,0.5035569564746999
9,high_break,10,up,strong,pass,endof_day,2,165,0.6726709282724083
6,risingwedge_uptrend,15,down,mild,pass,same_day,1,54,0.2143545913441417
18,channel_down,12,up,weak,fail,next_day,0,0,0.04807268018768515
9,high_break,10,up,strong,pass,endof_day,2,139,0.6192587654663246
8,downtrend_break,51,up,strong,pass,same_day,5,275,1.7500300794124835
3,descending_triangle,39,up,mild,pass,same_day,0,113,0.4110590097178493
5,high_break,212,up,strong,pass,same_day,5,490,2.509174171864988
5,high_break,213,up,strong,pass,same_day,3,441,2.562640002871143
27,channel_down,14,up,mild,pass_backtest,next_day,2,222,0.861624629959382
12,high_break,20,up,mild,pass,next_day,1,0,0.18041860825060574
28,channel_down,18,up,mild,pass_backtest,same_day,1,149,0.5033515468065751
10,low_break,31,down,strong,pass,same_day,1,152,0.8538737621584538
7,high_break,11,up,mild,pass,endof_day,0,125,0.5504959515174459
10,low_break,27,down,strong,pass,same_day,0,111,0.8679035165515634
27,channel_down,13,up,mild,pass_backtest,next_day,3,173,0.8644862521750747
8,downtrend_break,43,up,strong,pass,same_day,6,271,1.6324347031680422
30,channel_down,7,up,mild,pass,next_day,1,151,0.5322428940112122
21,descending_triangle,25,down,strong,pass,next_day,0,244,1.2520491655300294
13,downtrend_break,31,up,strong,pass_backtest,next_day,0,0,0.09761664802046435
14,high_break,52,up,weak,pass,next_day,0,5,0.16281577404129466
23,symmetrical_triangle,19,up,mild,pass_backtest,next_day,3,400,2.2987637485955226
8,downtrend_break,47,up,strong,pass,same_day,4,272,1.6270254322328161
7,high_break,13,up,mild,pass,endof_day,0,91,0.40700570344559
28,channel_down,18,up,mild,pass_backtest,same_day,1,128,0.5734977518887899
23,symmetrical_triangle,19,up,mild,pass_backtest,next_day,3,424,2.1993712404414
24,channel_sideway,9,up,mild,pass,next_day,2,117,0.8754596032894087
13,downtrend_break,31,up,strong,pass_backtest,next_day,0,19,0.0
24,channel_sideway,5,up,mild,pass,next_day,1,148,0.8181238340351502
26,descending_triangle,15,up,mild,pass,next_day,3,257,1.2183191183310758
29,channel_up,10,down,strong,pass_backtest,same_day,0,61,0.31769953078285784
15,high_break,59,up,strong,pass,next_day,2,452,2.964192209487761
23,symmetrical_triangle,20,up,mild,pass_backtest,next_day,3,368,2.230945502275995
11,channel_down,80,up,strong,pass,endof_day,0,120,0.4513592981810848
6,risingwedge_uptrend,10,down,mild,pass,same_day,1,62,0.3300688819852188
12,high_break,22,up,mild,pass,next_day,0,38,0.03209852865156035
19,downtrend_break,54,up,strong,pass,next_day,0,138,0.511519026726694
18,channel_down,13,up,weak,fail,next_day,0,0,0.0
4,risingwedge_uptrend,6,down,weak,fail,next_day,0,47,0.0
14,high_break,43,up,weak,pass,next_day,0,18,0.22920761560853226
12,high_break,29,up,mild,pass,next_day,1,0,0.058254946923807775
21,descending_triangle,26,down,strong,pass,next_day,0,266,1.2772130116671
32,channel_down,2,up,strong,pass,next_day,1,0,0.0
33,ascending_triangle,1,up,strong,fail,next_day,0,0,0.00470753155826506
32,channel_down,1,up,strong,pass,next_day,0,40,0.0
13,downtrend_break,27,up,strong,pass_backtest,next_day,1,0,0.04253707280208349
21,descending_triangle,31,down,strong,pass,next_day,0,182,1.2435639032370813
14,high_break,48,up,weak,pass,next_day,1,18,0.17212974335928294
32,channel_down,7,up,strong,pass,next_day,0,38,0.07774934420597837
6,risingwedge_uptrend,11,down,mild,pass,same_day,1,82,0.2589463172986329
20,symmetrical_triangle,40,up,mild,pass,next_day,1,162,0.6411525332659676
9,high_break,11,up,strong,pass,endof_day,1,100,0.6979498560537718
1,downtrend_break,63,up,strong,pass,next_day,1,258,1.1090185042602732
33,ascending_triangle,5,up,strong,fail,next_day,1,0,0.0
13,downtrend_break,32,up,strong,pass_backtest,next_day,0,0,0.0
3,descending_triangle,29,up,mild,pass,same_day,1,116,0.3906503963627755
4,risingwedge_uptrend,9,down,weak,fail,next_day,0,3,0.0
25,ascending_triangle,15,up,mild,pass,next_day,2,253,1.2644254035066522
24,channel_sideway,8,up,mild,pass,next_day,3,153,0.8541935147925959
6,risingwedge_uptrend,9,down,mild,pass,same_day,1,88,0.2450921048429009
34,channel_up,9,up,strong,backtest,next_day,10,203,0.7741627949082154
30,channel_down,1,up,mild,pass,next_day,2,143,0.4677019419146011
18,channel_down,14,up,weak,fail,next_day,1,13,0.03959036757576434
2,high_break,51,up,mild,pass,same_day,2,113,0.6128988872494775
15,high_break,52,up,strong,pass,next_day,3,467,2.8233056059140096
23,symmetrical_triangle,22,up,mild,pass_backtest,next_day,2,409,2.222859645344847
5,high_break,213,up,strong,pass,same_day,3,494,2.4503290005573692
24,channel_sideway,14,up,mild,pass,next_day,3,115,0.813551774923867
27,channel_down,16,up,mild,pass_backtest,next_day,2,186,0.8559827816241149
32,channel_down,4,up,strong,pass,next_day,1,0,0.07499703418836648
11,channel_down,75,up,strong,pass,endof_day,1,120,0.47515686055999956
24,channel_sideway,7,up,mild,pass,next_day,2,122,0.9051910006487807
19,downtrend_break,57,up,strong,pass,next_day,1,125,0.527679411230095
6,risingwedge_uptrend,12,down,mild,pass,same_day,0,104,0.22381685570548254
24,channel_sideway,6,up,mild,pass,next_day,3,110,0.8576283549566672
28,channel_down,17,up,mild,pass_backtest,same_day,2,186,0.5103080527757959
22,channel_down,75,up,strong,pass,next_day,3,526,2.7095514297591023
16,channel_sideway,8,down,mild,pass,same_day,1,181,1.170448225581957
3,descending_triangle,33,up,mild,pass,same_day,0,71,0.317116516954243
33,ascending_triangle,2,up,strong,fail,next_day,0,50,0.01942628969881359
10,low_break,31,down,strong,pass,same_day,0,166,0.8634996347993127
10,low_break,36,down,strong,pass,same_day,1,149,0.8420271074904642
14,high_break,48,up,weak,pass,next_day,0,43,0.23381537604132027
25,ascending_triangle,11,up,mild,pass,next_day,2,235,1.1619362282730896
8,downtrend_break,46,up,strong,pass,same_day,5,283,1.634293949078586
18,channel_down,8,up,weak,fail,next_day,0,0,0.06684128818167975
22,channel_down,69,up,strong,pass,next_day,5,479,2.742992032906955
7,high_break,10,up,mild,pass,endof_day,0,109,0.48882675084316596
13,downtrend_break,30,up,strong,pass_backtest,next_day,1,0,0.0
16,channel_sideway,1,down,mild,pass,same_day,1,216,1.2019008415112151
8,downtrend_break,43,up,strong,pass,same_day,4,283,1.6150795719296998
31,channel_up,10,down,strong,fail,next_day,0,223,0.7041070684485887
5,high_break,204,up,strong,pass,same_day,5,452,2.4457899420173845
24,channel_sideway,5,up,mild,pass,next_day,2,147,0.8180593649504684
29,channel_up,9,down,strong,pass_backtest,same_day,0,148,0.3550862788910888
1,downtrend_break,64,up,strong,pass,next_day,3,290,1.1653646788210839
30,channel_down,6,up,mild,pass,next_day,0,166,0.5752726945200315
20,symmetrical_triangle,39,up,mild,pass,next_day,3,106,0.7003554866714796
7,high_break,16,up,mild,pass,endof_day,0,108,0.4577589003417104
26,descending_triangle,11,up,mild,pass,next_day,3,234,1.1806912580545683
4,risingwedge_uptrend,10,down,weak,fail,next_day,0,19,0.04054688769273987
19,downtrend_break,49,up,strong,pass,next_day,0,72,0.5500714705465781
17,channel_sideway,3,up,mild,pass,next_day,0,108,0.918760234452976
32,channel_down,8,up,strong,pass,next_day,0,0,0.016508109124551543
4,risingwedge_uptrend,6,down,weak,fail,next_day,0,0,0.01417257908777389
23,symmetrical_triangle,12,up,mild,pass_backtest,next_day,3,380,2.297682940453452
13,downtrend_break,32,up,strong,pass_backtest,next_day,0,0,0.08523208142045963
14,high_break,44,up,weak,pass,next_day,0,32,0.2069949519146136
19,downtrend_break,49,up,strong,pass,next_day,0,84,0.5536709300198698
3,descending_triangle,37,up,mild,pass,same_day,1,49,0.4503826796609528
21,descending_triangle,33,down,strong,pass,next_day,0,230,1.3930128564744517
9,high_break,10,up,strong,pass,endof_day,1,83,0.7895486225389553
22,channel_down,67,up,strong,pass,next_day,3,508,2.8417824097898867
26,descending_triangle,9,up,mild,pass,next_day,3,228,1.118200991394617
3,descending_triangle,30,up,mild,pass,same_day,1,100,0.42543918338157133
5,high_break,205,up,strong,pass,same_day,5,519,2.458362974039136
7,high_break,14,up,mild,pass,endof_day,0,63,0.44768006611265493
30,channel_down,7,up,mild,pass,next_day,0,111,0.4962061822443443
24,channel_sideway,11,up,mild,pass,next_day,3,134,0.8994130923364132
1,downtrend_break,55,up,strong,pass,next_day,3,202,1.2963141622462255
20,symmetrical_triangle,47,up,mild,pass,next_day,3,90,0.688628080403295
33,ascending_triangle,1,up,strong,fail,next_day,2,0,0.0
33,ascending_triangle,1,up,strong,fail,next_day,2,4,0.0
3,descending_triangle,34,up,mild,pass,same_day,0,47,0.3633337312225281
8,downtrend_break,43,up,strong,pass,same_day,5,349,1.799436167171223
7,high_break,14,up,mild,pass,endof_day,0,55,0.5655833540681889
23,symmetrical_triangle,18,up,mild,pass_backtest,next_day,4,397,2.2348286079700475
7,high_break,9,up,mild,pass,endof_day,1,71,0.5423535055228726
8,downtrend_break,50,up,strong,pass,same_day,4,344,1.7863043432729464
1,downtrend_break,56,up,strong,pass,next_day,2,264,1.1613372825005488
5,high_break,213,up,strong,pass,same_day,3,430,2.4987816370304854
1,downtrend_break,60,up,strong,pass,next_day,3,286,1.1464673083536605
2,high_break,53,up,mild,pass,same_day,3,153,0.6597843186174507
28,channel_down,17,up,mild,pass_backtest,same_day,3,131,0.5326331883572819
1,downtrend_break,60,up,strong,pass,next_day,1,290,1.274776456371811
11,channel_down,73,up,strong,pass,endof_day,1,116,0.40568302453842786
30,channel_down,3,up,mild,pass,next_day,0,96,0.4887308269126373
16,channel_sideway,1,down,mild,pass,same_day,1,240,1.2053846803427415
26,descending_triangle,14,up,mild,pass,next_day,1,272,1.1342920125761649
22,channel_down,73,up,strong,pass,next_day,4,476,2.8023734883933784
15,high_break,58,up,strong,pass,next_day,3,547,2.9551542967715227
5,high_break,214,up,strong,pass,same_day,4,444,2.4872550181755537
22,channel_down,73,up,strong,pass,next_day,5,549,2.7076875857954072
17,channel_sideway,6,up,mild,pass,next_day,0,186,0.9917578086046143
5,high_break,214,up,strong,pass,same_day,5,451,2.459196084586508
7,high_break,7,up,mild,pass,endof_day,1,100,0.47585174434261995
15,high_break,59,up,strong,pass,next_day,3,548,2.897850306866866
29,channel_up,8,down,strong,pass_backtest,same_day,0,66,0.3023946053850063
17,channel_sideway,5,up,mild,pass,next_day,1,119,0.9868284883809072
24,channel_sideway,14,up,mild,pass,next_day,1,151,0.9580525233217342
32,channel_down,1,up,strong,pass,next_day,1,0,0.0742432412576052
13,downtrend_break,28,up,strong,pass_backtest,next_day,0,0,0.021949703316911595
11,channel_down,79,up,strong,pass,endof_day,0,35,0.393035992856745
6,risingwedge_uptrend,10,down,mild,pass,same_day,1,63,0.3364931546605505
29,channel_up,16,down,strong,pass_backtest,same_day,0,100,0.46664195623636995
30,channel_down,9,up,mild,pass,next_day,0,135,0.5932550917382271
6,risingwedge_uptrend,11,down,mild,pass,same_day,1,92,0.3140069222602322
28,channel_down,12,up,mild,pass_backtest,same_day,1,179,0.664887368224452
25,ascending_triangle,14,up,mild,pass,next_day,3,292,1.2577826371587375
31,channel_up,14,down,strong,fail,next_day,1,204,0.8512555629077883
34,channel_up,7,up,strong,backtest,next_day,10,176,0.7834725364717559
13,downtrend_break,29,up,strong,pass_backtest,next_day,0,2,0.0
28,channel_down,18,up,mild,pass_backtest,same_day,1,120,0.5215133032415836
2,high_break,59,up,mild,pass,same_day,2,191,0.6018848922202654
33,ascending_triangle,1,up,strong,fail,next_day,1,31,0.0
14,high_break,48,up,weak,pass,next_day,0,58,0.23423644274243166
29,channel_up,7,down,strong,pass_backtest,same_day,0,72,0.4015149721557561
15,high_break,53,up,strong,pass,next_day,3,485,2.9540868807939074
7,high_break,10,up,mild,pass,endof_day,0,93,0.5422950983446045
5,high_break,205,up,strong,pass,same_day,3,510,2.5142042696935225
20,symmetrical_triangle,40,up,mild,pass,next_day,3,163,0.6616741485942934
29,channel_up,11,down,strong,pass_backtest,same_day,0,51,0.3242644505777395
10,low_break,33,down,strong,pass,same_day,1,132,0.8037287250985428
12,high_break,27,up,mild,pass,next_day,0,0,0.07656974171663032
18,channel_down,6,up,weak,fail,next_day,0,37,0.07513954896141015
24,channel_sideway,11,up,mild,pass,next_day,3,135,0.8767981457446589
12,high_break,25,up,mild,pass,next_day,1,13,0.024011941801211203
17,channel_sideway,2,up,mild,pass,next_day,1,126,0.8187848106981468
24,channel_sideway,12,up,mild,pass,next_day,1,141,0.8843775941450904
21,descending_triangle,31,down,strong,pass,next_day,1,246,1.2878224545945212
30,channel_down,5,up,mild,pass,next_day,2,97,0.4853491764048114
21,descending_triangle,32,down,strong,pass,next_day,0,192,1.3189488527007547
11,channel_down,74,up,strong,pass,endof_day,0,85,0.37271138281241845
25,ascending_triangle,18,up,mild,pass,next_day,2,277,1.1298083073145155
8,downtrend_break,52,up,strong,pass,same_day,4,342,1.6014404865443095
12,high_break,29,up,mild,pass,next_day,0,31,0.15431403659844892
32,channel_down,8,up,strong,pass,next_day,1,0,0.0
6,risingwedge_uptrend,12,down,mild,pass,same_day,0,63,0.26933102518158225
12,high_break,24,up,mild,pass,next_day,1,0,0.11140312722192872
31,channel_up,6,down,strong,fail,next_day,1,245,0.8443050504605184
15,high_break,60,up,strong,pass,next_day,4,484,2.8262610756275994
31,channel_up,7,down,strong,fail,next_day,1,204,0.8720046642445745
7,high_break,8,up,mild,pass,endof_day,1,137,0.5306019493070919
19,downtrend_break,48,up,strong,pass,next_day,0,139,0.6390161966920282
34,channel_up,13,up,strong,backtest,next_day,10,188,0.8572112282284745
3,descending_triangle,39,up,mild,pass,same_day,0,106,0.4722947460310794
6,risingwedge_uptrend,11,down,mild,pass,same_day,1,27,0.3244391826658998
7,high_break,8,up,mild,pass,endof_day,0,138,0.5349713034125261
21,descending_triangle,35,down,strong,pass,next_day,1,259,1.2839980588855877
34,channel_up,16,up,strong,backtest,next_day,11,220,0.7661674756814105
6,risingwedge_uptrend,15,down,mild,pass,same_day,1,104,0.25689193648973946
17,channel_sideway,1,up,mild,pass,next_day,1,154,0.8512086216058684
24,channel_sideway,13,up,mild,pass,next_day,3,100,0.8611436291842574
19,downtrend_break,53,up,strong,pass,next_day,0,129,0.661674154336077
7,high_break,12,up,mild,pass,endof_day,0,127,0.5426772015606838
33,ascending_triangle,5,up,strong,fail,next_day,0,21,0.0
25,ascending_triangle,17,up,mild,pass,next_day,4,245,1.2544370720778264
7,high_break,8,up,mild,pass,endof_day,1,65,0.4292514851030018
11,channel_down,74,up,strong,pass,endof_day,0,73,0.39188218281994586
28,channel_down,19,up,mild,pass_backtest,same_day,2,116,0.5784606917549524
30,channel_down,8,up,mild,pass,next_day,2,163,0.510977119755368
28,channel_down,12,up,mild,pass_backtest,same_day,2,105,0.5630042549177169
30,channel_down,3,up,mild,pass,next_day,0,121,0.5369893265883272
26,descending_triangle,10,up,mild,pass,next_day,3,230,1.1893479336437598
25,ascending_triangle,13,up,mild,pass,next_day,2,292,1.243736269466874
17,channel_sideway,4,up,mild,pass,next_day,1,153,0.8404883566346403
32,channel_down,6,up,strong,pass,next_day,0,7,0.0
26,descending_triangle,8,up,mild,pass,next_day,2,243,1.1503764127087894
8,downtrend_break,52,up,strong,pass,same_day,6,346,1.7646934132344727
26,descending_triangle,15,up,mild,pass,next_day,3,290,1.0907109060279403
18,channel_down,6,up,weak,fail,next_day,0,45,0.0
29,channel_up,9,down,strong,pass_backtest,same_day,0,78,0.377516520456208
33,ascending_triangle,1,up,strong,fail,next_day,1,50,0.0
7,high_break,15,up,mild,pass,endof_day,0,142,0.4489252959119773
29,channel_up,8,down,strong,pass_backtest,same_day,0,85,0.38878224772101244
7,high_break,15,up,mild,pass,endof_day,0,53,0.4582789011258469
2,high_break,60,up,mild,pass,same_day,1,174,0.603611822621063
26,descending_triangle,9,up,mild,pass,next_day,3,280,1.0844512231113472
21,descending_triangle,33,down,strong,pass,next_day,0,260,1.2568762218411917
16,channel_sideway,4,down,mild,pass,same_day,1,162,1.1801248905211617
13,downtrend_break,31,up,strong,pass_backtest,next_day,0,7,0.0737145677027253
23,symmetrical_triangle,15,up,mild,pass_backtest,next_day,4,366,2.167755252967848
17,channel_sideway,1,up,mild,pass,next_day,1,157,0.8053222225449868
3,descending_triangle,35,up,mild,pass,same_day,1,93,0.38531724622190827
22,channel_down,77,up,strong,pass,next_day,4,455,2.8109782280638
34,channel_up,9,up,strong,backtest,next_day,12,195,0.7473608332547862
26,descending_triangle,15,up,mild,pass,next_day,3,298,1.165219543815153
1,downtrend_break,56,up,strong,pass,next_day,3,287,1.1766622106135074
26,descending_triangle,7,up,mild,pass,next_day,3,218,1.0579982018491587
13,downtrend_break,30,up,strong,pass_backtest,next_day,0,0,0.0
11,channel_down,81,up,strong,pass,endof_day,1,111,0.41947540468947647
6,risingwedge_uptrend,18,down,mild,pass,same_day,1,21,0.23763128124866084
33,ascending_triangle,2,up,strong,fail,next_day,0,13,0.07472328830731906
26,descending_triangle,17,up,mild,pass,next_day,1,236,1.2098241043565965
23,symmetrical_triangle,18,up,mild,pass_backtest,next_day,3,430,2.2641645898906964
10,low_break,27,down,strong,pass,same_day,1,105,0.8487200643658543
22,channel_down,73,up,strong,pass,next_day,4,457,2.854479537920966
33,ascending_triangle,1,up,strong,fail,next_day,1,0,0.050306271978855066
27,channel_down,18,up,mild,pass_backtest,next_day,3,247,0.8570576344174705
31,channel_up,14,down,strong,fail,next_day,0,163,0.8404957398831693
14,high_break,45,up,weak,pass,next_day,0,87,0.2678844017272272
4,risingwedge_uptrend,14,down,weak,fail,next_day,1,45,0.0
22,channel_down,69,up,strong,pass,next_day,3,454,2.7053070410184357
1,downtrend_break,64,up,strong,pass,next_day,2,280,1.2701747774943373
20,symmetrical_triangle,39,up,mild,pass,next_day,2,118,0.6921248432750648
11,channel_down,75,up,strong,pass,endof_day,0,123,0.3332576278912559
27,channel_down,19,up,mild,pass_backtest,next_day,2,179,0.8257204032611773
7,high_break,10,up,mild,pass,endof_day,0,65,0.5436752897911732
13,downtrend_break,24,up,strong,pass_backtest,next_day,1,39,0.0
23,symmetrical_triangle,22,up,mild,pass_backtest,next_day,2,399,2.2689684974661244
34,channel_up,12,up,strong,backtest,next_day,12,159,0.7926868557350556
27,channel_down,11,up,mild,pass_backtest,next_day,3,223,0.9708159114548713
14,high_break,45,up,weak,pass,next_day,1,38,0.23006447457071555
7,high_break,9,up,mild,pass,endof_day,1,66,0.5761841224461156
13,downtrend_break,26,up,strong,pass_backtest,next_day,0,0,0.00936663759223541
34,channel_up,9,up,strong,backtest,next_day,12,221,0.7542984847649498
10,low_break,36,down,strong,pass,same_day,0,119,0.8864898486782965
18,channel_down,4,up,weak,fail,next_day,0,16,0.02544710849965498
26,descending_triangle,15,up,mild,pass,next_day,3,275,1.0908256054611676
7,high_break,11,up,mild,pass,endof_day,0,118,0.4966315774613663
18,channel_down,13,up,weak,fail,next_day,0,6,0.0
25,ascending_triangle,12,up,mild,pass,next_day,2,275,1.1073588652000734
33,ascending_triangle,7,up,strong,fail,next_day,2,0,0.0
31,channel_up,16,down,strong,fail,next_day,0,179,0.8953776366199685
25,ascending_triangle,16,up,mild,pass,next_day,2,282,1.1231840819430314
33,ascending_triangle,2,up,strong,fail,next_day,0,0,0.0
29,channel_up,14,down,strong,pass_backtest,same_day,1,105,0.4330401315711624
22,channel_down,68,up,strong,pass,next_day,5,465,2.7140161617209726
33,ascending_triangle,7,up,strong,fail,next_day,2,22,0.013923852817677412
30,channel_down,2,up,mild,pass,next_day,0,116,0.42235919639299
25,ascending_triangle,8,up,mild,pass,next_day,4,233,1.1356490667802075
32,channel_down,5,up,strong,pass,next_day,1,0,0.08678468526084257
24,channel_sideway,5,up,mild,pass,next_day,3,129,0.8654351671007848
31,channel_up,9,down,strong,fail,next_day,0,150,0.8780086488866168
6,risingwedge_uptrend,11,down,mild,pass,same_day,0,111,0.3044361517186844
17,channel_sideway,1,up,mild,pass,next_day,1,122,0.9802009488098893
2,high_break,51,up,mild,pass,same_day,1,149,0.6128657655100229
3,descending_triangle,34,up,mild,pass,same_day,0,84,0.3509506718157008
14,high_break,49,up,weak,pass,next_day,1,58,0.23113453031111414
13,downtrend_break,27,up,strong,pass_backtest,next_day,1,43,0.0856198014476956
19,downtrend_break,54,up,strong,pass,next_day,0,108,0.5205116667645049
31,channel_up,15,down,strong,fail,next_day,0,185,0.7857289990156737
22,channel_down,72,up,strong,pass,next_day,3,532,2.8254596448904445
31,channel_up,10,down,strong,fail,next_day,0,230,0.7795720728328919
26,descending_triangle,12,up,mild,pass,next_day,1,229,1.1137406812755422
16,channel_sideway,4,down,mild,pass,same_day,0,246,1.2921404567861658
2,high_break,54,up,mild,pass,same_day,3,115,0.7351657109910509
11,channel_down,78,up,strong,pass,endof_day,0,83,0.3928768080931197
2,high_break,53,up,mild,pass,same_day,2,112,0.619214668945745
4,risingwedge_uptrend,10,down,weak,fail,next_day,0,27,0.050067041965643044
6,risingwedge_uptrend,12,down,mild,pass,same_day,1,37,0.3503899360682835
31,channel_up,9,down,strong,fail,next_day,0,243,0.7465302682310462
22,channel_down,69,up,strong,pass,next_day,4,530,2.7697555356364236
14,high_break,51,up,weak,pass,next_day,1,4,0.17102283553055297
22,channel_down,71,up,strong,pass,next_day,3,548,2.725107685557001
28,channel_down,14,up,mild,pass_backtest,same_day,2,126,0.571998125915935
10,low_break,28,down,strong,pass,same_day,1,134,0.7299486999058211
25,ascending_triangle,14,up,mild,pass,next_day,4,263,1.2656250197988659
16,channel_sideway,8,down,mild,pass,same_day,0,164,1.2226714567708725
19,downtrend_break,56,up,strong,pass,next_day,1,98,0.5442144020287608
1,downtrend_break,61,up,strong,pass,next_day,3,259,1.1274190367911692
25,ascending_triangle,16,up,mild,pass,next_day,2,268,1.1376185775828735
26,descending_triangle,17,up,mild,pass,next_day,1,288,1.2073396316031517
11,channel_down,76,up,strong,pass,endof_day,0,114,0.3178499556350204
23,symmetrical_triangle,14,up,mild,pass_backtest,next_day,3,370,2.107845526722911
24,channel_sideway,4,up,mild,pass,next_day,2,119,0.8600097422109855
6,risingwedge_uptrend,12,down,mild,pass,same_day,0,42,0.31605414480868976
23,symmetrical_triangle,17,up,mild,pass_backtest,next_day,3,377,2.127757575848738
13,downtrend_break,25,up,strong,pass_backtest,next_day,1,24,0.0
12,high_break,25,up,mild,pass,next_day,0,0,0.04057259955647661
34,channel_up,13,up,strong,backtest,next_day,12,153,0.8316393928604716
12,high_break,26,up,mild,pass,next_day,0,0,0.1267804086166429
17,channel_sideway,5,up,mild,pass,next_day,0,183,0.9491480372721333
1,downtrend_break,60,up,strong,pass,next_day,3,231,1.160549839748595
26,descending_triangle,9,up,mild,pass,next_day,1,206,1.1980355923053498
11,channel_down,77,up,strong,pass,endof_day,0,111,0.3447441778752418
21,descending_triangle,33,down,strong,pass,next_day,0,219,1.2256394462101396
26,descending_triangle,14,up,mild,pass,next_day,2,223,1.044592597212943
24,channel_sideway,6,up,mild,pass,next_day,2,103,0.8832296968878053
19,downtrend_break,52,up,strong,pass,next_day,1,96,0.5765047171411545
7,high_break,8,up,mild,pass,endof_day,0,80,0.5068668393918311
28,channel_down,11,up,mild,pass_backtest,same_day,1,126,0.5964048707896462
25,ascending_triangle,11,up,mild,pass,next_day,2,221,1.182506277660193
28,channel_down,9,up,mild,pass_backtest,same_day,2,113,0.6957315465516245
1,downtrend_break,57,up,strong,pass,next_day,3,265,1.2600869154009091
33,ascending_triangle,7,up,strong,fail,next_day,1,0,0.0025513770155266985
14,high_break,43,up,weak,pass,next_day,1,74,0.10093610984291679
33,ascending_triangle,1,up,strong,fail,next_day,2,0,0.02690077587518866
27,channel_down,11,up,mild,pass_backtest,next_day,4,188,0.9890234821412105
6,risingwedge_uptrend,16,down,mild,pass,same_day,0,114,0.2927504684358787
17,channel_sideway,7,up,mild,pass,next_day,1,161,0.8908111013544753
30,channel_down,7,up,mild,pass,next_day,0,132,0.47268222062323456
14,high_break,46,up,weak,pass,next_day,1,7,0.2069456313555598
29,channel_up,9,down,strong,pass_backtest,same_day,0,88,0.42909419806135574
33,ascending_triangle,5,up,strong,fail,next_day,2,0,0.0
1,downtrend_break,56,up,strong,pass,next_day,1,208,1.2914090584586162
11,channel_down,77,up,strong,pass,endof_day,0,100,0.3462043073852443
1,downtrend_break,59,up,strong,pass,next_day,1,251,1.2805026422872017
5,high_break,205,up,strong,pass,same_day,5,519,2.4315439355579276
20,symmetrical_triangle,40,up,mild,pass,next_day,3,73,0.7129552530247018
6,risingwedge_uptrend,9,down,mild,pass,same_day,0,93,0.33643249282602083
31,channel_up,12,down,strong,fail,next_day,0,231,0.748618077352982
23,symmetrical_triangle,19,up,mild,pass_backtest,next_day,2,388,2.1329671390743568
3,descending_triangle,29,up,mild,pass,same_day,0,122,0.4143790363270945
4,risingwedge_uptrend,12,down,weak,fail,next_day,1,0,0.03945678468512273
32,channel_down,4,up,strong,pass,next_day,1,8,0.09701941646693063
23,symmetrical_triangle,19,up,mild,pass_backtest,next_day,3,418,2.208810031386634
26,descending_triangle,9,up,mild,pass,next_day,2,270,1.2114513263016105
4,risingwedge_uptrend,6,down,weak,fail,next_day,0,0,0.08041349836541276
27,channel_down,17,up,mild,pass_backtest,next_day,4,196,0.8212336029594087
4,risingwedge_uptrend,7,down,weak,fail,next_day,0,50,0.0573153569195439
16,channel_sideway,1,down,mild,pass,same_day,1,183,1.2511941113732754
27,channel_down,13,up,mild,pass_backtest,next_day,3,150,0.91209772607077
6,risingwedge_uptrend,9,down,mild,pass,same_day,1,39,0.3697566683023722
8,downtrend_break,51,up,strong,pass,same_day,6,279,1.6442475902999365
29,channel_up,9,down,strong,pass_backtest,same_day,0,101,0.4610837378933502
8,downtrend_break,49,up,strong,pass,same_day,5,315,1.638406860919149
30,channel_down,6,up,mild,pass,next_day,0,114,0.4067812997347672
11,channel_down,74,up,strong,pass,endof_day,0,109,0.3631303173835158
17,channel_sideway,1,up,mild,pass,next_day,1,186,0.868511547409495
20,symmetrical_triangle,39,up,mild,pass,next_day,3,162,0.6971020384933942
9,high_break,12,up,strong,pass,endof_day,1,84,0.7680112472957962
27,channel_down,11,up,mild,pass_backtest,next_day,4,230,0.9976145182605198
11,channel_down,71,up,strong,pass,endof_day,0,115,0.4882653926317134
34,channel_up,12,up,strong,backtest,next_day,12,220,0.741930217195621
28,channel_down,10,up,mild,pass_backtest,same_day,1,159,0.693165480643508
12,high_break,21,up,mild,pass,next_day,0,16,0.16252213902778626
11,channel_down,71,up,strong,pass,endof_day,0,62,0.3307316844915618
11,channel_down,74,up,strong,pass,endof_day,0,35,0.4467012088057535
14,high_break,50,up,weak,pass,next_day,1,0,0.18731664059777894
29,channel_up,10,down,strong,pass_backtest,same_day,1,122,0.31571272954393553
6,risingwedge_uptrend,10,down,mild,pass,same_day,0,34,0.22822819245421128
10,low_break,34,down,strong,pass,same_day,0,197,0.7061140189230093
31,channel_up,14,down,strong,fail,next_day,1,198,0.8525596441599567
23,symmetrical_triangle,15,up,mild,pass_backtest,next_day,2,411,2.1132044021297434
19,downtrend_break,52,up,strong,pass,next_day,0,136,0.5588139117018884
27,channel_down,10,up,mild,pass_backtest,next_day,3,172,0.9361815675353093
33,ascending_triangle,8,up,strong,fail,next_day,2,36,0.0974708351297503
10,low_break,32,down,strong,pass,same_day,1,142,0.7087802614553171
20,symmetrical_triangle,43,up,mild,pass,next_day,2,74,0.7482372618884245
31,channel_up,15,down,strong,fail,next_day,1,229,0.7802986364515717
27,channel_down,17,up,mild,pass_backtest,next_day,4,242,0.8726133140824134
19,downtrend_break,57,up,strong,pass,next_day,0,134,0.594333272324732
27,channel_down,14,up,mild,pass_backtest,next_day,3,240,0.9624159522799596
30,channel_down,9,up,mild,pass,next_day,0,96,0.4261057842979449
4,risingwedge_uptrend,13,down,weak,fail,next_day,0,0,0.0
24,channel_sideway,11,up,mild,pass,next_day,1,149,0.938037774258599
34,channel_up,7,up,strong,backtest,next_day,11,208,0.8368929626927835
20,symmetrical_triangle,41,up,mild,pass,next_day,3,127,0.7792994897282275
28,channel_down,11,up,mild,pass_backtest,same_day,2,143,0.6030139293800576
30,channel_down,7,up,mild,pass,next_day,0,172,0.4622559157690767
33,ascending_triangle,1,up,strong,fail,next_day,1,18,0.0
8,downtrend_break,53,up,strong,pass,same_day,4,283,1.7986827351713155
28,channel_down,11,up,mild,pass_backtest,same_day,3,135,0.6257429645076837
30,channel_down,3,up,mild,pass,next_day,1,81,0.5214682664755992
24,channel_sideway,4,up,mild,pass,next_day,1,187,0.9369770273191583
20,symmetrical_triangle,47,up,mild,pass,next_day,3,99,0.7096827162803633
29,channel_up,14,down,strong,pass_backtest,same_day,0,92,0.46840092793088356
33,ascending_triangle,1,up,strong,fail,next_day,1,21,0.0
3,descending_triangle,32,up,mild,pass,same_day,1,72,0.3374421060373257
33,ascending_triangle,6,up,strong,fail,next_day,0,34,0.0
34,channel_up,12,up,strong,backtest,next_day,12,162,0.766604367844666
12,high_break,20,up,mild,pass,next_day,0,5,0.1248157354511716
24,channel_sideway,14,up,mild,pass,next_day,1,195,0.9813933290376297
22,channel_down,72,up,strong,pass,next_day,5,476,2.7172540341109777
20,symmetrical_triangle,39,up,mild,pass,next_day,3,149,0.7427934389057436
4,risingwedge_uptrend,12,down,weak,fail,next_day,1,0,0.0703304566922616
25,ascending_triangle,8,up,mild,pass,next_day,2,277,1.2690257334823412
26,descending_triangle,8,up,mild,pass,next_day,3,239,1.1538741168456563
16,channel_sideway,8,down,mild,pass,same_day,0,222,1.2585110150968934
19,downtrend_break,50,up,strong,pass,next_day,0,100,0.5163625533993729
3,descending_triangle,34,up,mild,pass,same_day,0,112,0.4396820870560925
22,channel_down,71,up,strong,pass,next_day,5,506,2.8708291735072953
15,high_break,59,up,strong,pass,next_day,4,502,2.8593584927447138
25,ascending_triangle,8,up,mild,pass,next_day,2,261,1.1104531793114307
1,downtrend_break,63,up,strong,pass,next_day,1,218,1.2892842920917893
24,channel_sideway,4,up,mild,pass,next_day,3,102,0.9884590164252965
6,risingwedge_uptrend,17,down,mild,pass,same_day,1,111,0.2633770795296722
31,channel_up,15,down,strong,fail,next_day,0,185,0.8613317938515321
3,descending_triangle,37,up,mild,pass,same_day,0,104,0.3739913642103794
12,high_break,20,up,mild,pass,next_day,0,0,0.040613362809139325
30,channel_down,3,up,mild,pass,next_day,1,169,0.42950310511620565
16,channel_sideway,3,down,mild,pass,same_day,0,218,1.2477169433866906
13,downtrend_break,34,up,strong,pass_backtest,next_day,0,0,0.05548812712820736
30,channel_down,7,up,mild,pass,next_day,2,125,0.5611498459053091
25,ascending_triangle,12,up,mild,pass,next_day,2,231,1.1803385274002784
29,channel_up,7,down,strong,pass_backtest,same_day,0,53,0.35621459829348157
13,downtrend_break,29,up,strong,pass_backtest,next_day,0,0,0.07251803888821881
6,risingwedge_uptrend,13,down,mild,pass,same_day,0,43,0.27743396991733815
14,high_break,49,up,weak,pass,next_day,1,34,0.24200640705172957
9,high_break,6,up,strong,pass,endof_day,1,123,0.6367042351828152
32,channel_down,1,up,strong,pass,next_day,0,0,0.07447204295216345
27,channel_down,10,up,mild,pass_backtest,next_day,4,218,0.9529698283866258
7,high_break,7,up,mild,pass,endof_day,0,80,0.4652575420707265
17,channel_sideway,6,up,mild,pass,next_day,0,110,0.8092992412833315
13,downtrend_break,31,up,strong,pass_backtest,next_day,0,0,0.0
30,channel_down,6,up,mild,pass,next_day,1,134,0.5410123433353401
9,high_break,9,up,strong,pass,endof_day,1,116,0.744439380378815
9,high_break,13,up,strong,pass,endof_day,2,124,0.6498317875458666
9,high_break,9,up,strong,pass,endof_day,0,128,0.6539988721069278
1,downtrend_break,59,up,strong,pass,next_day,3,259,1.2006920465294388
18,channel_down,5,up,weak,fail,next_day,0,18,0.006092255138076055
9,high_break,7,up,strong,pass,endof_day,2,112,0.6472589775305382
26,descending_triangle,8,up,mild,pass,next_day,2,217,1.0662637764511387
10,low_break,29,down,strong,pass,same_day,0,141,0.8673561298951049
28,channel_down,17,up,mild,pass_backtest,same_day,1,148,0.5873352180629625
1,downtrend_break,60,up,strong,pass,next_day,2,274,1.1766816006593714
12,high_break,20,up,mild,pass,next_day,1,50,0.030273244090627857
17,channel_sideway,1,up,mild,pass,next_day,0,185,0.88018513175599
21,descending_triangle,31,down,strong,pass,next_day,0,220,1.3342324248127393
8,downtrend_break,50,up,strong,pass,same_day,4,347,1.6650676609882271
23,symmetrical_triangle,16,up,mild,pass_backtest,next_day,4,368,2.144449566897981
10,low_break,32,down,strong,pass,same_day,0,139,0.7012844781107557
22,channel_down,70,up,strong,pass,next_day,4,493,2.864756226202792
8,downtrend_break,43,up,strong,pass,same_day,6,325,1.7429668314858198
34,channel_up,10,up,strong,backtest,next_day,11,246,0.7384988011664569
18,channel_down,10,up,weak,fail,next_day,0,17,0.0
27,channel_down,13,up,mild,pass_backtest,next_day,2,237,0.8843303708780507
16,channel_sideway,1,down,mild,pass,same_day,1,160,1.169690187418385
5,high_break,211,up,strong,pass,same_day,3,530,2.490647692296376
3,descending_triangle,36,up,mild,pass,same_day,1,76,0.33516601491585424
26,descending_triangle,17,up,mild,pass,next_day,2,237,1.1068695756098372
25,ascending_triangle,14,up,mild,pass,next_day,4,263,1.2874777512100093
25,ascending_triangle,12,up,mild,pass,next_day,3,243,1.289510881656348
7,high_break,10,up,mild,pass,endof_day,0,68,0.5597266381949938
16,channel_sideway,4,down,mild,pass,same_day,0,180,1.2563805375082442
12,high_break,21,up,mild,pass,next_day,1,0,0.1494769454042099
32,channel_down,1,up,strong,pass,next_day,1,0,0.09298111033778653
21,descending_triangle,35,down,strong,pass,next_day,1,260,1.2887904627638453
28,channel_down,9,up,mild,pass_backtest,same_day,2,167,0.5413865894168591
22,channel_down,70,up,strong,pass,next_day,3,464,2.7173563323550027
1,downtrend_break,65,up,strong,pass,next_day,3,297,1.1596333637924616
1,downtrend_break,64,up,strong,pass,next_day,2,207,1.2427019344583403
18,channel_down,7,up,weak,fail,next_day,1,35,0.0668521539418912
3,descending_triangle,32,up,mild,pass,same_day,0,95,0.36890348281498897
25,ascending_triangle,13,up,mild,pass,next_day,3,285,1.1483577317951792
10,low_break,33,down,strong,pass,same_day,1,166,0.7757722058619212
6,risingwedge_uptrend,12,down,mild,pass,same_day,0,63,0.21189173908012
8,downtrend_break,53,up,strong,pass,same_day,5,290,1.7527203079517903
14,high_break,50,up,weak,pass,next_day,0,9,0.147711715947511
17,channel_sideway,1,up,mild,pass,next_day,1,143,0.8143465508786698
21,descending_triangle,34,down,strong,pass,next_day,1,189,1.3051044749568839
23,symmetrical_triangle,12,up,mild,pass_backtest,next_day,2,379,2.1317691946341375
24,channel_sideway,10,up,mild,pass,next_day,3,127,0.9024802603846909
16,channel_sideway,2,down,mild,pass,same_day,0,167,1.1781222820825235
11,channel_down,74,up,strong,pass,endof_day,0,126,0.4283059646605101
4,risingwedge_uptrend,9,down,weak,fail,next_day,0,26,0.03034166738574448
23,symmetrical_triangle,17,up,mild,pass_backtest,next_day,4,388,2.228586492766818
20,symmetrical_triangle,38,up,mild,pass,next_day,3,119,0.7859786801046894
11,channel_down,74,up,strong,pass,endof_day,0,72,0.48390811937208267
34,channel_up,10,up,strong,backtest,next_day,10,239,0.7122316896336499
20,symmetrical_triangle,42,up,mild,pass,next_day,1,134,0.6966566868108663
11,channel_down,75,up,strong,pass,endof_day,1,71,0.3980699118509927
28,channel_down,12,up,mild,pass_backtest,same_day,3,172,0.688955927375135
4,risingwedge_uptrend,14,down,weak,fail,next_day,1,0,0.032078962477914474
26,descending_triangle,9,up,mild,pass,next_day,2,292,1.2082402218253088
21,descending_triangle,26,down,strong,pass,next_day,0,199,1.224797666449025
29,channel_up,14,down,strong,pass_backtest,same_day,0,56,0.3244749867622743
23,symmetrical_triangle,20,up,mild,pass_backtest,next_day,2,385,2.238758277762742
13,downtrend_break,24,up,strong,pass_backtest,next_day,1,0,0.0
5,high_break,214,up,strong,pass,same_day,5,452,2.54691750575206
33,ascending_triangle,1,up,strong,fail,next_day,1,8,0.0
16,channel_sideway,2,down,mild,pass,same_day,0,185,1.261602015260772
6,risingwedge_uptrend,13,down,mild,pass,same_day,1,23,0.22370568029286314
12,high_break,21,up,mild,pass,next_day,1,41,0.09888544128656301
12,high_break,23,up,mild,pass,next_day,1,0,0.09404198022887587
18,channel_down,4,up,weak,fail,next_day,0,40,0.0
21,descending_triangle,33,down,strong,pass,next_day,0,250,1.3766065940120276
32,channel_down,7,up,strong,pass,next_day,0,23,0.048891097852626936
2,high_break,50,up,mild,pass,same_day,2,184,0.6723483100278873
1,downtrend_break,64,up,strong,pass,next_day,2,236,1.2326164118756182
10,low_break,33,down,strong,pass,same_day,1,171,0.8426133490315131
34,channel_up,8,up,strong,backtest,next_day,10,167,0.8344872284732885
11,channel_down,76,up,strong,pass,endof_day,0,85,0.3170060437860035
13,downtrend_break,26,up,strong,pass_backtest,next_day,0,47,0.0
8,downtrend_break,45,up,strong,pass,same_day,6,269,1.6755798658401355
18,channel_down,4,up,weak,fail,next_day,1,48,0.0
14,high_break,49,up,weak,pass,next_day,1,46,0.27543007198721625
17,channel_sideway,6,up,mild,pass,next_day,0,109,0.8224315120825183
25,ascending_triangle,14,up,mild,pass,next_day,3,233,1.1908414878130895
20,symmetrical_triangle,39,up,mild,pass,next_day,3,127,0.6969587335082496
12,high_break,25,up,mild,pass,next_day,0,63,0.1266713821988899
28,channel_down,16,up,mild,pass_backtest,same_day,1,106,0.5992307045553545
34,channel_up,10,up,strong,backtest,next_day,11,162,0.890120091619807
10,low_break,27,down,strong,pass,same_day,0,135,0.868291192933904
3,descending_triangle,35,up,mild,pass,same_day,0,128,0.46048293822758224
30,channel_down,6,up,mild,pass,next_day,2,114,0.5632391368209131
23,symmetrical_triangle,16,up,mild,pass_backtest,next_day,4,416,2.1557104380323207
14,high_break,43,up,weak,pass,next_day,0,77,0.24561377754530322
13,downtrend_break,30,up,strong,pass_backtest,next_day,0,16,0.0
30,channel_down,4,up,mild,pass,next_day,2,83,0.5166538234093472
13,downtrend_break,28,up,strong,pass_backtest,next_day,1,0,0.09802955339533564
11,channel_down,74,up,strong,pass,endof_day,1,32,0.323977104291415
13,downtrend_break,26,up,strong,pass_backtest,next_day,0,33,0.0
12,high_break,28,up,mild,pass,next_day,0,26,0.17220007537413676
9,high_break,14,up,strong,pass,endof_day,0,85,0.6295281333397649
14,high_break,48,up,weak,pass,next_day,1,65,0.12049684719064896
20,symmetrical_triangle,41,up,mild,pass,next_day,3,109,0.7962250529186163
8,downtrend_break,45,up,strong,pass,same_day,4,328,1.6977849017425455
17,channel_sideway,2,up,mild,pass,next_day,1,185,0.9778364928852294
19,downtrend_break,54,up,strong,pass,next_day,1,51,0.5523530425364429
5,high_break,213,up,strong,pass,same_day,3,499,2.4973828600795422
14,high_break,49,up,weak,pass,next_day,0,24,0.1648941221231186
31,channel_up,12,down,strong,fail,next_day,0,196,0.7013996446189558
18,channel_down,7,up,weak,fail,next_day,1,0,0.08473690757316454
22,channel_down,77,up,strong,pass,next_day,5,518,2.8586821192510343
6,risingwedge_uptrend,10,down,mild,pass,same_day,1,73,0.376768983525814
13,downtrend_break,32,up,strong,pass_backtest,next_day,1,20,0.0
28,channel_down,9,up,mild,pass_backtest,same_day,2,169,0.5956860411854926
13,downtrend_break,27,up,strong,pass_backtest,next_day,0,0,0.06995303076672371
9,high_break,8,up,strong,pass,endof_day,1,100,0.7262097989449275
26,descending_triangle,12,up,mild,pass,next_day,3,236,1.1755159116660268
30,channel_down,5,up,mild,pass,next_day,1,102,0.512509597332202
26,descending_triangle,10,up,mild,pass,next_day,3,212,1.1925579594490072
1,downtrend_break,56,up,strong,pass,next_day,3,263,1.1855403590877471
7,high_break,8,up,mild,pass,endof_day,0,124,0.4489137772274986
2,high_break,58,up,mild,pass,same_day,3,105,0.6502805009005775
26,descending_triangle,13,up,mild,pass,next_day,3,241,1.1071136758915887
29,channel_up,12,down,strong,pass_backtest,same_day,1,82,0.44584089557635304
4,risingwedge_uptrend,13,down,weak,fail,next_day,0,0,0.08647964187617849
32,channel_down,1,up,strong,pass,next_day,0,0,0.0
34,channel_up,8,up,strong,backtest,next_day,11,195,0.8803398391427293
25,ascending_triangle,17,up,mild,pass,next_day,2,231,1.2103921536730025
2,high_break,54,up,mild,pass,same_day,1,117,0.7666501385808343
3,descending_triangle,36,up,mild,pass,same_day,0,35,0.311844829674068
29,channel_up,13,down,strong,pass_backtest,same_day,0,57,0.3944197724424673
11,channel_down,80,up,strong,pass,endof_day,1,64,0.35245408713916276
2,high_break,54,up,mild,pass,same_day,3,126,0.7452090829306794
4,risingwedge_uptrend,14,down,weak,fail,next_day,0,35,0.0903493262545331
18,channel_down,6,up,weak,fail,next_day,1,17,0.0
3,descending_triangle,35,up,mild,pass,same_day,0,38,0.4789985702088143
5,high_break,213,up,strong,pass,same_day,3,463,2.4279119699230827
7,high_break,11,up,mild,pass,endof_day,1,111,0.46624088270009983
19,downtrend_break,50,up,strong,pass,next_day,0,103,0.6310916929314897
4,risingwedge_uptrend,14,down,weak,fail,next_day,1,0,0.0
23,symmetrical_triangle,14,up,mild,pass_backtest,next_day,3,435,2.255913733240582
8,downtrend_break,52,up,strong,pass,same_day,4,353,1.6187106331106647
18,channel_down,10,up,weak,fail,next_day,0,47,0.0
9,high_break,12,up,strong,pass,endof_day,0,92,0.790210571951215
12,high_break,27,up,mild,pass,next_day,1,72,0.05275252234475911
12,high_break,28,up,mild,pass,next_day,0,58,0.06478994132675696
8,downtrend_break,47,up,strong,pass,same_day,6,317,1.6592155486925007
31,channel_up,12,down,strong,fail,next_day,1,151,0.7818225226705107
24,channel_sideway,14,up,mild,pass,next_day,3,182,0.95462340234842
32,channel_down,2,up,strong,pass,next_day,0,44,0.09342765107091405
12,high_break,27,up,mild,pass,next_day,1,61,0.13908057004681026
18,channel_down,7,up,weak,fail,next_day,0,42,0.0
20,symmetrical_triangle,38,up,mild,pass,next_day,1,77,0.748198967193312
21,descending_triangle,32,down,strong,pass,next_day,1,228,1.3035905202986848
1,downtrend_break,57,up,strong,pass,next_day,3,267,1.2664986800353257
31,channel_up,10,down,strong,fail,next_day,0,228,0.8694545223523855
27,channel_down,19,up,mild,pass_backtest,next_day,3,201,0.908519851556695
3,descending_triangle,29,up,mild,pass,same_day,0,40,0.3259514851680599
6,risingwedge_uptrend,8,down,mild,pass,same_day,0,115,0.32044256787273306
31,channel_up,11,down,strong,fail,next_day,0,166,0.846852074515731
25,ascending_triangle,13,up,mild,pass,next_day,4,293,1.1215778955870706
11,channel_down,71,up,strong,pass,endof_day,0,68,0.3857814838287954
10,low_break,32,down,strong,pass,same_day,1,191,0.7693015776327383
4,risingwedge_uptrend,12,down,weak,fail,next_day,0,0,0.0
23,symmetrical_triangle,13,up,mild,pass_backtest,next_day,4,428,2.1868164901572853
20,symmetrical_triangle,39,up,mild,pass,next_day,1,110,0.723452785293384
7,high_break,13,up,mild,pass,endof_day,0,89,0.5863975678491063
32,channel_down,2,up,strong,pass,next_day,0,17,0.0
26,descending_triangle,10,up,mild,pass,next_day,2,216,1.1834960765997848
23,symmetrical_triangle,13,up,mild,pass_backtest,next_day,4,402,2.2500129598990903
9,high_break,15,up,strong,pass,endof_day,1,120,0.6497753342450799
28,channel_down,17,up,mild,pass_backtest,same_day,2,189,0.6198883839701562
26,descending_triangle,9,up,mild,pass,next_day,1,213,1.1843380208163508
18,channel_down,13,up,weak,fail,next_day,0,3,0.0
29,channel_up,12,down,strong,pass_backtest,same_day,0,144,0.33569114940840483
23,symmetrical_triangle,16,up,mild,pass_backtest,next_day,3,350,2.1537916391223795
19,downtrend_break,56,up,strong,pass,next_day,0,148,0.6616915547328933
15,high_break,58,up,strong,pass,next_day,2,494,2.8816444456793007
29,channel_up,15,down,strong,pass_backtest,same_day,1,108,0.35099537410271603
6,risingwedge_uptrend,10,down,mild,pass,same_day,0,119,0.33122790088557275
32,channel_down,2,up,strong,pass,next_day,0,31,0.034544088529593314
8,downtrend_break,52,up,strong,pass,same_day,5,274,1.779887414042828
9,high_break,15,up,strong,pass,endof_day,0,90,0.715646968540843
11,channel_down,72,up,strong,pass,endof_day,0,79,0.45793662196447255
8,downtrend_break,46,up,strong,pass,same_day,6,315,1.7445757271106528
8,downtrend_break,49,up,strong,pass,same_day,5,357,1.746309156494779
18,channel_down,9,up,weak,fail,next_day,0,18,0.0
34,channel_up,15,up,strong,backtest,next_day,10,188,0.8740718701961081
24,channel_sideway,6,up,mild,pass,next_day,3,122,0.8037288796581734
11,channel_down,74,up,strong,pass,endof_day,1,91,0.3998207439764752
34,channel_up,15,up,strong,backtest,next_day,11,152,0.8617984330146191
20,symmetrical_triangle,37,up,mild,pass,next_day,3,132,0.7293882894240495
6,risingwedge_uptrend,9,down,mild,pass,same_day,0,71,0.32591715554645184
5,high_break,210,up,strong,pass,same_day,4,502,2.4598164156341524
21,descending_triangle,29,down,strong,pass,next_day,0,231,1.204266672151512
25,ascending_triangle,16,up,mild,pass,next_day,2,229,1.2352794694082496
9,high_break,15,up,strong,pass,endof_day,0,126,0.6538693258316385
16,channel_sideway,1,down,mild,pass,same_day,0,206,1.1108308081827092
20,symmetrical_triangle,41,up,mild,pass,next_day,3,83,0.7253111070169309
30,channel_down,6,up,mild,pass,next_day,0,148,0.4334510803751618
11,channel_down,73,up,strong,pass,endof_day,0,83,0.30332543433470244
17,channel_sideway,7,up,mild,pass,next_day,0,131,0.8299836439430504
2,high_break,50,up,mild,pass,same_day,3,150,0.7548763553308823
9,high_break,8,up,strong,pass,endof_day,2,91,0.7197820183830168
17,channel_sideway,4,up,mild,pass,next_day,1,157,0.9256770034157773
13,downtrend_break,32,up,strong,pass_backtest,next_day,1,0,0.0
17,channel_sideway,1,up,mild,pass,next_day,0,127,0.9281318918936672
5,high_break,209,up,strong,pass,same_day,4,459,2.5979614237576847
33,ascending_triangle,4,up,strong,fail,next_day,1,19,0.09183773105645665
25,ascending_triangle,16,up,mild,pass,next_day,3,280,1.2968415222525274
30,channel_down,1,up,mild,pass,next_day,1,132,0.4607947974626483
10,low_break,37,down,strong,pass,same_day,0,194,0.8835188446600489
7,high_break,12,up,mild,pass,endof_day,0,99,0.46493692733392006
17,channel_sideway,1,up,mild,pass,next_day,0,197,0.8914387275760273
21,descending_triangle,34,down,strong,pass,next_day,0,200,1.2971343805029385
21,descending_triangle,33,down,strong,pass,next_day,0,203,1.3342234837452742
17,channel_sideway,2,up,mild,pass,next_day,1,100,0.9319325957852052
26,descending_triangle,16,up,mild,pass,next_day,3,258,1.0340385739371991
8,downtrend_break,44,up,strong,pass,same_day,5,351,1.7953930993545937
5,high_break,208,up,strong,pass,same_day,3,447,2.590666583023979
28,channel_down,11,up,mild,pass_backtest,same_day,2,185,0.559503195173981
7,high_break,14,up,mild,pass,endof_day,0,150,0.4122218283240394
32,channel_down,1,up,strong,pass,next_day,0,26,0.010910148753285817
14,high_break,52,up,weak,pass,next_day,0,63,0.16328250159512483
4,risingwedge_uptrend,9,down,weak,fail,next_day,0,0,0.0
34,channel_up,10,up,strong,backtest,next_day,11,250,0.8207857857937275
32,channel_down,1,up,strong,pass,next_day,0,2,0.03452107263631965
17,channel_sideway,1,up,mild,pass,next_day,0,197,0.8829511817228204
30,channel_down,8,up,mild,pass,next_day,0,148,0.5990024473939517
31,channel_up,6,down,strong,fail,next_day,0,169,0.7894482893401787
4,risingwedge_uptrend,12,down,weak,fail,next_day,0,0,0.04533068066744475
7,high_break,8,up,mild,pass,endof_day,0,150,0.5249380131618459
25,ascending_triangle,15,up,mild,pass,next_day,3,214,1.1774787126465895
13,downtrend_break,34,up,strong,pass_backtest,next_day,0,37,0.0
7,high_break,13,up,mild,pass,endof_day,1,146,0.5939859046652739
25,ascending_triangle,14,up,mild,pass,next_day,2,274,1.1684186834372883
8,downtrend_break,52,up,strong,pass,same_day,4,272,1.649903939264654
9,high_break,5,up,strong,pass,endof_day,0,85,0.7429924941035018
15,high_break,56,up,strong,pass,next_day,4,471,2.807624135111931
24,channel_sideway,13,up,mild,pass,next_day,2,195,0.8488318795363651
20,symmetrical_triangle,43,up,mild,pass,next_day,2,156,0.601432614917522
15,high_break,52,up,strong,pass,next_day,3,492,2.960589537359806
30,channel_down,1,up,mild,pass,next_day,0,102,0.4052529520107766
28,channel_down,9,up,mild,pass_backtest,same_day,3,112,0.5099220169708081
13,downtrend_break,26,up,strong,pass_backtest,next_day,0,0,0.08587757176653707
4,risingwedge_uptrend,14,down,weak,fail,next_day,1,31,0.07993254051219864
33,ascending_triangle,1,up,strong,fail,next_day,1,38,0.020702886413674154
6,risingwedge_uptrend,14,down,mild,pass,same_day,0,116,0.37225652283016997
11,channel_down,79,up,strong,pass,endof_day,1,74,0.46458245085993777
13,downtrend_break,29,up,strong,pass_backtest,next_day,0,18,0.0
28,channel_down,13,up,mild,pass_backtest,same_day,1,192,0.509499082581832
19,downtrend_break,52,up,strong,pass,next_day,0,75,0.505666775656419
21,descending_triangle,28,down,strong,pass,next_day,1,275,1.372061780111076
22,channel_down,75,up,strong,pass,next_day,5,519,2.805594047512468
31,channel_up,9,down,strong,fail,next_day,0,193,0.7267352163097262
2,high_break,56,up,mild,pass,same_day,1,184,0.6591525137538154
11,channel_down,71,up,strong,pass,endof_day,1,68,0.3829283109317305
26,descending_triangle,7,up,mild,pass,next_day,3,280,1.1069385361259747
26,descending_triangle,15,up,mild,pass,next_day,3,282,1.0716531751416314
20,symmetrical_triangle,43,up,mild,pass,next_day,2,138,0.7887615159946765
34,channel_up,6,up,strong,backtest,next_day,12,156,0.7534028607669855
11,channel_down,79,up,strong,pass,endof_day,1,60,0.36121732162729925
12,high_break,27,up,mild,pass,next_day,1,1,0.0012360649106829963
4,risingwedge_uptrend,6,down,weak,fail,next_day,0,21,0.05441220100044991
2,high_break,55,up,mild,pass,same_day,2,194,0.6477709280603956
11,channel_down,77,up,strong,pass,endof_day,1,115,0.3238681103328177
24,channel_sideway,5,up,mild,pass,next_day,1,171,0.9390212720695955
7,high_break,11,up,mild,pass,endof_day,0,131,0.5774956398216587
20,symmetrical_triangle,42,up,mild,pass,next_day,1,162,0.7984269300375662
24,channel_sideway,10,up,mild,pass,next_day,1,148,0.8832701555799906
14,high_break,53,up,weak,pass,next_day,0,58,0.11005840288282048
5,high_break,210,up,strong,pass,same_day,5,460,2.4581649505880536
28,channel_down,17,up,mild,pass_backtest,same_day,2,188,0.6669430942452291
4,risingwedge_uptrend,6,down,weak,fail,next_day,1,0,0.0859135945262762
34,channel_up,15,up,strong,backtest,next_day,12,163,0.8134676909630677
9,high_break,7,up,strong,pass,endof_day,1,170,0.6760269413438824
8,downtrend_break,44,up,strong,pass,same_day,5,286,1.635400805101904
20,symmetrical_triangle,41,up,mild,pass,next_day,1,110,0.7728777847932188
3,descending_triangle,30,up,mild,pass,same_day,0,33,0.48589862522799265
1,downtrend_break,59,up,strong,pass,next_day,3,231,1.2781407107479514
14,high_break,44,up,weak,pass,next_day,0,33,0.24476361708010816
6,risingwedge_uptrend,10,down,mild,pass,same_day,1,38,0.377289044402048
7,high_break,13,up,mild,pass,endof_day,1,144,0.5271390524979835
17,channel_sideway,1,up,mild,pass,next_day,0,137,0.9085191450548266
22,channel_down,76,up,strong,pass,next_day,5,494,2.7383907090823807
14,high_break,51,up,weak,pass,next_day,0,43,0.24400408357220327
2,high_break,50,up,mild,pass,same_day,2,159,0.6798911421268046
6,risingwedge_uptrend,11,down,mild,pass,same_day,0,37,0.2240433778091614
25,ascending_triangle,14,up,mild,pass,next_day,2,253,1.2518400176716487
11,channel_down,81,up,strong,pass,endof_day,1,52,0.45049147894844455
8,downtrend_break,49,up,strong,pass,same_day,5,301,1.711141290696209
21,descending_triangle,33,down,strong,pass,next_day,0,214,1.3300045151734843
20,symmetrical_triangle,41,up,mild,pass,next_day,3,107,0.7605856158694925
23,symmetrical_triangle,16,up,mild,pass_backtest,next_day,3,439,2.2857743425259067
19,downtrend_break,52,up,strong,pass,next_day,1,104,0.5447311182780162
7,high_break,9,up,mild,pass,endof_day,1,128,0.45809903254989665
34,channel_up,11,up,strong,backtest,next_day,10,161,0.7433878226167773
7,high_break,11,up,mild,pass,endof_day,0,91,0.49333404555829335
2,high_break,60,up,mild,pass,same_day,2,124,0.7417830853824168
21,descending_triangle,33,down,strong,pass,next_day,1,279,1.395164380525509
8,downtrend_break,52,up,strong,pass,same_day,5,353,1.6300225270863216
16,channel_sideway,8,down,mild,pass,same_day,0,227,1.2382470973855253
21,descending_triangle,31,down,strong,pass,next_day,0,216,1.2913604207264473
11,channel_down,81,up,strong,pass,endof_day,0,117,0.41591613578681824
6,risingwedge_uptrend,17,down,mild,pass,same_day,0,87,0.2934176455533424
22,channel_down,75,up,strong,pass,next_day,4,509,2.707643571963192
22,channel_down,76,up,strong,pass,next_day,5,499,2.719130633024758
16,channel_sideway,7,down,mild,pass,same_day,0,212,1.1134659568378957
24,channel_sideway,10,up,mild,pass,next_day,3,180,0.8542508770515442
9,high_break,15,up,strong,pass,endof_day,0,113,0.6188962937798721
8,downtrend_break,49,up,strong,pass,same_day,6,339,1.655791430917328
24,channel_sideway,8,up,mild,pass,next_day,2,175,0.8072448988553123
21,descending_triangle,33,down,strong,pass,next_day,0,258,1.2888679040676518
6,risingwedge_uptrend,17,down,mild,pass,same_day,0,78,0.27013784712185074
34,channel_up,10,up,strong,backtest,next_day,10,198,0.7795474671216539
13,downtrend_break,28,up,strong,pass_backtest,next_day,0,0,0.0
12,high_break,23,up,mild,pass,next_day,0,0,0.03898974832120508
13,downtrend_break,31,up,strong,pass_backtest,next_day,0,49,0.05829629138863843
25,ascending_triangle,8,up,mild,pass,next_day,4,283,1.102496872634554
10,low_break,30,down,strong,pass,same_day,1,114,0.899002509833261
2,high_break,59,up,mild,pass,same_day,1,185,0.6776080689548503
23,symmetrical_triangle,14,up,mild,pass_backtest,next_day,3,447,2.2178705209495453
17,channel_sideway,1,up,mild,pass,next_day,1,189,0.924010027229126
32,channel_down,3,up,strong,pass,next_day,0,44,0.0
9,high_break,12,up,strong,pass,endof_day,1,111,0.6460817952429418
3,descending_triangle,35,up,mild,pass,same_day,0,97,0.3076015679830651
4,risingwedge_uptrend,11,down,weak,fail,next_day,0,0,0.007897579951392134
3,descending_triangle,35,up,mild,pass,same_day,1,71,0.4717832636348849
20,symmetrical_triangle,47,up,mild,pass,next_day,3,160,0.606054862450505
13,downtrend_break,27,up,strong,pass_backtest,next_day,0,0,0.09847001412069872
29,channel_up,15,down,strong,pass_backtest,same_day,0,65,0.47805361846478023
9,high_break,10,up,strong,pass,endof_day,1,100,0.6491185353846078
28,channel_down,14,up,mild,pass_backtest,same_day,2,122,0.5409377139700776
30,channel_down,3,up,mild,pass,next_day,1,80,0.5060779878851118
19,downtrend_break,52,up,strong,pass,next_day,1,68,0.5627061945195037
16,channel_sideway,7,down,mild,pass,same_day,1,217,1.2242492362881607
7,high_break,11,up,mild,pass,endof_day,1,101,0.5260296722916943
28,channel_down,10,up,mild,pass_backtest,same_day,3,184,0.695176453773156
33,ascending_triangle,1,up,strong,fail,next_day,0,39,0.006296475209437061
21,descending_triangle,30,down,strong,pass,next_day,0,232,1.2756388639981961
16,channel_sideway,5,down,mild,pass,same_day,1,206,1.2593729839162813
19,downtrend_break,53,up,strong,pass,next_day,0,118,0.5965350707747471
27,channel_down,19,up,mild,pass_backtest,next_day,2,164,0.8239643201372121
13,downtrend_break,33,up,strong,pass_backtest,next_day,1,19,0.09279280971053117
24,channel_sideway,12,up,mild,pass,next_day,2,156,0.8073474268243652
2,high_break,53,up,mild,pass,same_day,1,138,0.7996262838392719
15,high_break,58,up,strong,pass,next_day,2,471,2.9090519531459145
18,channel_down,14,up,weak,fail,next_day,1,29,0.003028435557034387
7,high_break,16,up,mild,pass,endof_day,0,138,0.5503944590631394
11,channel_down,77,up,strong,pass,endof_day,0,66,0.3914334255225049
23,symmetrical_triangle,17,up,mild,pass_backtest,next_day,3,427,2.138096663987908
12,high_break,23,up,mild,pass,next_day,0,10,0.046615751071834
34,channel_up,9,up,strong,backtest,next_day,10,245,0.8886341620342046
5,high_break,211,up,strong,pass,same_day,5,435,2.484726637856616
2,high_break,50,up,mild,pass,same_day,1,142,0.6324635055919016
34,channel_up,13,up,strong,backtest,next_day,11,194,0.816825975921064
11,channel_down,75,up,strong,pass,endof_day,0,121,0.3379293734675628
27,channel_down,15,up,mild,pass_backtest,next_day,4,167,0.9393242292374019
32,channel_down,1,up,strong,pass,next_day,0,0,0.07630743500349463
18,channel_down,9,up,weak,fail,next_day,1,0,0.03814512329505132
28,channel_down,15,up,mild,pass_backtest,same_day,1,154,0.6755751680009041
5,high_break,205,up,strong,pass,same_day,4,523,2.5541682193762196
24,channel_sideway,4,up,mild,pass,next_day,1,126,0.9501609138168606
23,symmetrical_triangle,18,up,mild,pass_backtest,next_day,3,421,2.1188273686286956
24,channel_sideway,5,up,mild,pass,next_day,1,167,0.9352616245969081
8,downtrend_break,47,up,strong,pass,same_day,5,284,1.6302425996616379
6,risingwedge_uptrend,15,down,mild,pass,same_day,0,61,0.2628195643040242
23,symmetrical_triangle,20,up,mild,pass_backtest,next_day,3,377,2.1680741018786502
13,downtrend_break,27,up,strong,pass_backtest,next_day,0,9,0.0786783608497153
32,channel_down,3,up,strong,pass,next_day,1,0,0.0
2,high_break,58,up,mild,pass,same_day,2,200,0.7356803460478187
30,channel_down,1,up,mild,pass,next_day,0,89,0.4483431586929203
23,symmetrical_triangle,18,up,mild,pass_backtest,next_day,3,381,2.1954162901809244
11,channel_down,79,up,strong,pass,endof_day,1,68,0.3399218254659417
1,downtrend_break,57,up,strong,pass,next_day,2,284,1.1940548372804873
14,high_break,49,up,weak,pass,next_day,0,54,0.13831361168762277
33,ascending_triangle,1,up,strong,fail,next_day,0,0,0.0
19,downtrend_break,55,up,strong,pass,next_day,0,75,0.670613782135663
12,high_break,26,up,mild,pass,next_day,0,37,0.11915864679921724
14,high_break,44,up,weak,pass,next_day,0,81,0.22580353192740704
19,downtrend_break,51,up,strong,pass,next_day,1,55,0.5773847532716787
33,ascending_triangle,3,up,strong,fail,next_day,1,28,0.0
28,channel_down,13,up,mild,pass_backtest,same_day,1,167,0.6981811330055944
22,channel_down,70,up,strong,pass,next_day,5,494,2.703029512582353
10,low_break,31,down,strong,pass,same_day,0,112,0.8019185798690149
16,channel_sideway,1,down,mild,pass,same_day,1,231,1.2721645418042262
15,high_break,58,up,strong,pass,next_day,2,483,2.810724394899874
24,channel_sideway,10,up,mild,pass,next_day,3,128,0.8627476604260572
1,downtrend_break,62,up,strong,pass,next_day,3,200,1.1390428832714252
7,high_break,15,up,mild,pass,endof_day,0,111,0.4385364033380723
1,downtrend_break,58,up,strong,pass,next_day,2,244,1.1983077754784965
5,high_break,207,up,strong,pass,same_day,3,459,2.5879088104898527
7,high_break,7,up,mild,pass,endof_day,0,148,0.5908698932555205
23,symmetrical_triangle,13,up,mild,pass_backtest,next_day,3,436,2.2940264742994785
14,high_break,45,up,weak,pass,next_day,0,0,0.10367914820216928
6,risingwedge_uptrend,8,down,mild,pass,same_day,1,103,0.2905693596182279
16,channel_sideway,8,down,mild,pass,same_day,0,167,1.1801533713143186
18,channel_down,4,up,weak,fail,next_day,0,0,0.0
2,high_break,50,up,mild,pass,same_day,1,116,0.6194223567827478
26,descending_triangle,15,up,mild,pass,next_day,1,217,1.1824813688210087
9,high_break,10,up,strong,pass,endof_day,1,175,0.788663155124107
13,downtrend_break,29,up,strong,pass_backtest,next_day,0,0,0.00989750096126138
30,channel_down,7,up,mild,pass,next_day,1,164,0.404775750735698
10,low_break,30,down,strong,pass,same_day,1,179,0.8927702304628649
24,channel_sideway,8,up,mild,pass,next_day,3,183,0.8014774344170491
27,channel_down,19,up,mild,pass_backtest,next_day,4,203,0.8859627149686427
20,symmetrical_triangle,47,up,mild,pass,next_day,2,146,0.7904108689313888
30,channel_down,6,up,mild,pass,next_day,1,93,0.4680911897684993
6,risingwedge_uptrend,16,down,mild,pass,same_day,1,20,0.2925602877428818
6,risingwedge_uptrend,9,down,mild,pass,same_day,0,71,0.31848139960026917
25,ascending_triangle,18,up,mild,pass,next_day,3,210,1.2690080719715007
32,channel_down,7,up,strong,pass,next_day,1,13,0.0
2,high_break,52,up,mild,pass,same_day,2,123,0.653621099312614
15,high_break,54,up,strong,pass,next_day,2,522,2.91201099774768
4,risingwedge_uptrend,12,down,weak,fail,next_day,1,0,0.0
29,channel_up,13,down,strong,pass_backtest,same_day,0,141,0.4961410534681919
29,channel_up,8,down,strong,pass_backtest,same_day,0,115,0.4415181989648759
7,high_break,12,up,mild,pass,endof_day,0,121,0.529211700425287
11,channel_down,71,up,strong,pass,endof_day,0,92,0.4965086520989763
8,downtrend_break,53,up,strong,pass,same_day,6,355,1.7794498437429773
29,channel_up,16,down,strong,pass_backtest,same_day,0,84,0.3031655149778247
12,high_break,25,up,mild,pass,next_day,0,0,0.009960949262540902
1,downtrend_break,55,up,strong,pass,next_day,3,275,1.1051414297004383
10,low_break,29,down,strong,pass,same_day,0,145,0.7257821567788755
9,high_break,9,up,strong,pass,endof_day,0,166,0.6987508401499343
12,high_break,25,up,mild,pass,next_day,1,22,0.15954846641524167
3,descending_triangle,32,up,mild,pass,same_day,0,54,0.4170660984158282
25,ascending_triangle,11,up,mild,pass,next_day,3,293,1.1561803720242345
29,channel_up,16,down,strong,pass_backtest,same_day,0,93,0.34668137533745214
11,channel_down,81,up,strong,pass,endof_day,0,106,0.3365272339026494
34,channel_up,12,up,strong,backtest,next_day,12,156,0.8518423154321346
9,high_break,7,up,strong,pass,endof_day,1,156,0.7060736382860868
6,risingwedge_uptrend,8,down,mild,pass,same_day,0,23,0.33235816222059683
